{
  "animal": [
    -1.6799941062927246,
    1.6997487545013428
  ],
  "boy": [
    0.8735548853874207,
    1.4030686616897583
  ],
  "castle": [
    -1.0185163021087646,
    -4.380190372467041
  ],
  "cat": [
    -1.5258328914642334,
    1.3211512565612793
  ],
  "country": [
    1.1819201707839966,
    -5.169198989868164
  ],
  "crown": [
    0.003131566336378455,
    -0.20669437944889069
  ],
  "dog": [
    -1.0811622142791748,
    1.2816126346588135
  ],
  "empire": [
    0.08255763351917267,
    -0.4968172311782837
  ],
  "family": [
    0.9514364004135132,
    2.622765064239502
  ],
  "father": [
    0.27517759799957275,
    0.30740001797676086
  ],
  "girl": [
    0.27411624789237976,
    1.1506924629211426
  ],
  "house": [
    0.2516056001186371,
    -1.1954748630523682
  ],
  "king": [
    -0.0020451233722269535,
    -0.31259387731552124
  ],
  "marriage": [
    0.8240722417831421,
    1.0410823822021484
  ],
  "mother": [
    1.0610262155532837,
    1.7329761981964111
  ],
  "pet": [
    -0.862253725528717,
    0.9079210758209229
  ],
  "play": [
    -0.6866950988769531,
    0.8353607058525085
  ],
  "queen": [
    0.05490974336862564,
    -0.3429354429244995
  ],
  "rule": [
    0.0017816235776990652,
    -0.41849616169929504
  ],
  "sleep": [
    -0.7244703769683838,
    1.8874363899230957
  ]
}